controller,CO2_t_per_yr,cost_per_yr,RE_selfcons_pct,peak_kW,comfort_viol_h,EV_shortfall_kWh,bat_cycles,deg_cost_yr,n_requests,n_committed,abstain_rate_pct,delivery_ratio,coverage,false_activation_pct,missed_opp_pct,net_service_benefit,requested_MWh,accepted_MWh,delivered_MWh,acceptance_rate_pct,abstention_rate_pct,cond_delivery_rate_pct,uncond_service_rate_pct,delivered_frac_of_requested,delivered_frac_of_accepted,shortfall_MWh,overdelivery_MWh,service_revenue_yr,service_penalty_yr,seed
B5,291.6212042593992,128977.42710061901,92.65312841122427,508.89292393937296,69.52380952380952,9886.558527368337,620.1007060793651,33557.44731049863,92,92,0.0,1.991285266305665,0.782608695652174,21.73913043478261,0.0,2908.073251657069,6.285530988524038,6.285530988524038,5.857623244214461,100.0,0.0,78.26086956521739,78.26086956521739,0.9319217827275308,0.9319217827275308,0.42790774430957773,6.301691063702497,4581.49818029631,1673.4249286392414,20260000
P,291.80909756151425,126493.30668564023,92.5451153336494,508.89292393937296,26.07142857142857,6898.737821686178,636.9891260156916,33294.26432704111,92,67,27.173913043478258,2.3012365474428473,0.835820895522388,16.417910447761194,23.91304347826087,2799.538761104331,6.285530988524038,4.806544318435784,5.498947884102551,72.82608695652173,27.173913043478258,83.5820895522388,68.47826086956522,0.8748581295903861,0.9574460265989266,0.2045375590777961,6.123744027254508,3599.426715354998,799.887954250667,20260000
B5,300.11140287074545,133652.76805595646,93.73856867578152,546.6409534921027,52.14285714285714,11628.312398662536,631.2809934148079,34890.18432198203,91,91,0.0,1.415809611065178,0.5494505494505495,45.05494505494506,0.0,334.45029608517524,6.4147805690377915,6.4147805690377915,5.41691842161357,100.0,0.0,54.94505494505495,54.94505494505495,0.8444432920682274,0.8444432920682274,0.9978621474242215,3.4749402289649756,4236.804051190613,3902.353755105438,20260001
P,300.65753269308937,133161.41993495793,93.56376604329955,546.6409534921027,17.38095238095238,9533.346273437059,644.7498093294755,35319.510034192295,91,54,40.65934065934066,1.5773962868704234,0.6111111111111112,38.88888888888889,31.868131868131865,789.4786605265384,6.4147805690377915,4.407493204694246,5.2463968719031016,59.34065934065934,40.65934065934066,61.111111111111114,59.34065934065934,0.8178606914827102,0.8715023885638647,0.5663523492242077,2.822687753598822,3004.3208833854937,2214.842222858955,20260001
B5,296.16077919008404,127919.56056676387,94.43888007453364,532.8389842048359,173.8095238095238,17168.38007088098,637.6092383253616,34170.92465832315,92,92,0.0,1.53753913035558,0.6847826086956522,31.521739130434785,0.0,1292.4348397249905,7.602791429918203,7.602791429918203,6.611064209195913,100.0,0.0,68.47826086956522,68.47826086956522,0.8695574868962359,0.8695574868962359,0.9917272207222898,4.737148896554749,5170.796649335373,3878.3618096103833,20260002
P,299.2294244130027,127518.02025718645,93.7505708742253,532.8389842048359,43.45238095238095,7998.672516096311,660.2498017283256,34863.83080641757,92,63,31.521739130434778,1.861251814954664,0.7777777777777778,22.22222222222222,22.82608695652174,1481.067519110387,7.602791429918203,5.186820758608652,6.291824240898758,68.47826086956522,31.521739130434778,77.77777777777779,67.3913043478261,0.8275676504999757,0.8941799288255574,0.5488697418450431,4.68631572240731,3627.5402595401088,2146.472740429722,20260002
B5,307.25915749343153,134034.9724597904,92.26834944252393,554.527581143764,173.8095238095238,21356.755105635864,627.5521739390068,35047.87560745506,92,92,0.0,1.5477222014374596,0.6739130434782609,32.608695652173914,0.0,1594.6468462161008,7.265414529937883,7.265414529937883,6.3943150892104175,100.0,0.0,67.3913043478261,67.3913043478261,0.8801032704826393,0.8801032704826393,0.871099440727464,4.365587576778304,5001.267873346719,3406.621027130618,20260003
P,309.2040165847202,132541.2220894749,92.57907638194754,554.527581143764,78.21428571428571,13024.761597222261,639.13676636029,34864.138999473675,92,56,39.13043478260869,1.7001669425626769,0.7142857142857143,28.57142857142857,27.173913043478258,1803.8778976254953,7.265414529937883,4.708651619255714,5.953650917059661,60.86956521739131,39.13043478260869,71.42857142857143,61.95652173913043,0.8194509607851052,0.9149677406658674,0.4003872856026352,3.4153835607894307,3369.6781752500865,1565.8002776245912,20260003
B5,302.3538464654786,130566.05725026413,91.68069315690315,548.2388523984744,26.07142857142857,19488.543344283797,642.1570429159948,33215.47352330581,92,92,0.0,1.5475513501841445,0.7065217391304348,29.347826086956523,0.0,2142.5995774688427,8.079759425163148,8.079759425163148,7.189698974311205,100.0,0.0,70.65217391304348,70.65217391304348,0.8898407237126407,0.8898407237126407,0.8900604508519434,5.556410863373218,5623.3716977648355,3480.772120295993,20260004
P,301.68889916172833,129341.93915725122,91.5711730673587,548.2388523729173,26.07142857142857,17231.987136628686,644.6357923193087,33711.99651252108,92,68,26.086956521739136,1.790670403000951,0.7352941176470589,26.47058823529412,21.73913043478261,2406.7698301906394,8.079759425163148,6.24994260932128,6.938310213548731,73.91304347826086,26.086956521739136,73.52941176470588,64.13043478260869,0.8587273269474396,0.9153913839344786,0.5287989946636085,5.456614631977853,4474.751612892966,2067.9817827023257,20260004
B5,305.78590221530044,133241.28849343894,92.05744047856447,535.5434068494917,60.83333333333333,11024.19759097211,657.4246632915084,37142.06622723889,92,92,0.0,1.775002504599178,0.7065217391304348,29.347826086956523,0.0,1270.8307733546803,6.856879703655904,6.856879703655904,5.984867497749258,100.0,0.0,70.65217391304348,70.65217391304348,0.8728266728317091,0.8728266728317091,0.8720122059066456,6.3759768260101835,4681.021364311026,3410.190590956346,20260005
P,306.64275487698404,133304.1881913886,91.91718560076133,535.5434068494919,26.07142857142857,7854.634348848723,667.603186501171,37298.55792487612,92,73,20.65217391304348,2.0347031920241565,0.7945205479452054,20.54794520547945,17.391304347826086,2604.4326103766102,6.856879703655904,5.623506980393496,5.959023485987647,79.34782608695652,20.65217391304348,79.45205479452055,68.47826086956522,0.869057609806171,0.932022288738449,0.38227313379050576,6.459432930281323,4099.393615735909,1494.9610053592994,20260005
B5,296.0587631982353,130208.50667510366,93.43136734746832,540.4035464881215,112.97619047619047,15470.231990031503,660.4404707808253,34311.06125118025,91,91,0.0,1.589530240138927,0.7032967032967034,29.67032967032967,0.0,1560.2167494048813,7.770055172825823,7.770055172825823,6.807512255766852,100.0,0.0,70.32967032967034,70.32967032967034,0.8761214823254707,0.8761214823254707,0.9625429170589714,5.50327303271656,5324.447085760501,3764.2303363556202,20260006
P,297.937263742105,129306.56473730766,93.50217114809516,540.4035464881215,34.76190476190476,9052.20296084449,666.6670646645407,34610.98456471623,91,63,30.76923076923077,1.808227812423787,0.746031746031746,25.396825396825395,21.978021978021978,998.4284491994791,7.770055172825823,5.394882162738005,6.387060364752766,69.23076923076923,30.76923076923077,74.60317460317461,68.13186813186813,0.8220096540742982,0.8727697685072574,0.6863921064412242,5.040861201075787,3682.711865460695,2684.283416261216,20260006
B5,303.78370951745626,128999.35866534158,91.47105575217918,565.742068993924,156.42857142857142,27796.181400140616,604.1303887159062,33572.31685410904,92,92,0.0,1.5573443377569327,0.6739130434782609,32.608695652173914,0.0,1973.3018287083653,7.599725271487137,7.599725271487137,6.753594889129952,100.0,0.0,67.3913043478261,67.3913043478261,0.888663030289829,0.888663030289829,0.8461303823571845,4.577988573305081,5282.276002569497,3308.974173861132,20260007
P,305.78894771518617,128258.84146704579,91.6652905074962,565.742068993924,69.52380952380952,20477.377503560187,629.9811995111068,34170.26367020692,92,61,33.69565217391305,1.7932198182009251,0.7868852459016393,21.311475409836063,22.82608695652174,2057.7001692922254,7.599725271487137,5.538959639847311,6.234667472209013,66.30434782608695,33.69565217391305,78.68852459016394,63.04347826086957,0.8203806387055086,0.91249529702861,0.4846850180553563,4.089622197385909,3953.1647934729936,1895.4646241807684,20260007
B5,291.3999645163033,129513.52193694029,91.84938175710947,555.2190893647254,17.38095238095238,8441.398457392417,637.6184749756659,33852.49144923789,90,90,0.0,1.8018660814421326,0.7,30.0,0.0,1216.2367072098284,6.496638871234925,6.496638871234925,5.673033365312782,100.0,0.0,70.0,70.0,0.8732259061575964,0.8732259061575964,0.8236055059221435,5.966660591642869,4437.122525012497,3220.8858178026685,20260008
P,290.86601136622824,127903.73698345677,91.42835789855938,555.2190893647254,8.69047619047619,7012.5968621271495,637.6928016916999,34412.05523737572,90,55,38.888888888888886,2.0140904403102584,0.7090909090909091,29.09090909090909,26.666666666666668,1271.830128849755,6.496638871234925,4.797988977325294,5.216633028397142,61.111111111111114,38.888888888888886,70.9090909090909,60.0,0.8029741427516855,0.8898182547830256,0.5286507990535068,5.160200232642476,3339.2323608625757,2067.4022320128206,20260008
B5,293.04187525313824,128833.50057139841,92.84738204186903,552.5194949340967,95.59523809523809,21325.13891411779,633.6723049808006,34915.9342471839,92,92,0.0,1.527050276118102,0.6086956521739131,39.130434782608695,0.0,550.2673954073296,6.902442162506743,6.902442162506743,5.869291505828719,100.0,0.0,60.86956521739131,60.86956521739131,0.8503209976477635,0.8503209976477635,1.0331506566780246,3.872704932613273,4590.624427773176,4040.3570323658464,20260009
P,292.7853816933388,128125.47163937747,92.68232591546442,552.5197334723653,69.52380952380952,18945.637462329018,639.5900959854233,34976.43229010782,92,61,33.69565217391305,1.7464291070112041,0.7377049180327869,26.229508196721312,28.26086956521739,1561.2148680085231,6.902442162506743,5.022681731970334,5.4569869438891585,66.30434782608695,33.69565217391305,73.77049180327869,54.347826086956516,0.7905878550538058,0.8995686604077499,0.5044346546873031,3.678974595243803,3533.914678303512,1972.6998102949888,20260009
