controller,CO2_t_per_yr,cost_per_yr,RE_selfcons_pct,peak_kW,comfort_viol_h,EV_shortfall_kWh,bat_cycles,deg_cost_yr,n_requests,n_committed,abstain_rate_pct,delivery_ratio,coverage,false_activation_pct,missed_opp_pct,net_service_benefit,requested_MWh,accepted_MWh,delivered_MWh,acceptance_rate_pct,abstention_rate_pct,cond_delivery_rate_pct,uncond_service_rate_pct,delivered_frac_of_requested,delivered_frac_of_accepted,shortfall_MWh,overdelivery_MWh,service_revenue_yr,service_penalty_yr,seed,variant
B5,279.29587949244336,116913.64698331144,98.09392730743785,517.6491477315658,34.76190476190476,9688.147409468414,471.93971003625825,28307.14689964954,92,92,0.0,1.9328083854377223,0.782608695652174,21.73913043478261,0.0,3400.772753678362,6.285530988524038,6.285530988524038,5.962612483610171,100.0,0.0,78.26086956521739,78.26086956521739,0.9486251033518975,0.9486251033518975,0.3229185049138683,5.987952916239152,4663.614763966526,1262.8420102881637,20260000,base
P,279.4139619748707,114739.85450846788,98.01297237444012,517.6491432581818,8.69047619047619,6613.3617622244265,483.30033550577565,28121.29210656256,92,65,29.34782608695652,2.274811851729452,0.8615384615384616,13.846153846153847,23.91304347826087,3044.3412059121465,6.285530988524038,4.673497176780214,5.520930707002373,70.65217391304348,29.34782608695652,86.15384615384616,69.56521739130434,0.8783554988563969,0.9721411769348758,0.1301981309432769,5.902328545568285,3553.5088965653185,509.16769065317214,20260000,base
B5,290.0583689321646,124752.44417530468,98.59323982781665,538.9056363251499,52.14285714285714,11159.409581311538,498.22632392250017,29292.88605200449,91,91,0.0,1.4689512351882692,0.5934065934065934,40.65934065934066,0.0,1192.6349907285473,6.4147805690377915,6.4147805690377915,5.599788828386892,100.0,0.0,59.34065934065934,59.34065934065934,0.8729509557061672,0.8729509557061672,0.8149917406509004,3.5838830262052137,4379.834833631176,3187.199842902628,20260001,base
P,289.49159898483373,123688.46300733314,98.52847089141552,538.9056363251499,43.45238095238095,9715.829107736095,508.76774223161044,29772.369173151666,91,60,34.065934065934066,1.675728020939229,0.6666666666666666,33.33333333333333,27.472527472527474,1605.9790130743816,6.4147805690377915,4.644575703537789,5.433705171658165,65.93406593406593,34.065934065934066,66.66666666666666,59.34065934065934,0.8470601781587072,0.9070144986250792,0.43187820046723646,3.384343642755092,3294.9312613301813,1688.9522482557998,20260001,base
B5,286.30400708349987,118617.12543110596,98.33926292713689,535.5316985229326,156.42857142857142,16190.10043351769,474.1526482882358,28341.90458043607,92,92,0.0,1.4809412043614631,0.6956521739130435,30.434782608695656,0.0,2003.0394513668325,7.602791429918203,7.602791429918203,6.762486805283976,100.0,0.0,69.56521739130434,69.56521739130434,0.8894741974207666,0.8894741974207666,0.8403046246342263,4.266830908037263,5289.2307512756815,3286.1912999088486,20260002,base
P,287.6005306841794,118052.49011744373,98.35395890253125,535.5316985229326,43.45238095238095,8640.020202969625,491.49893510394287,28886.91586844547,92,67,27.173913043478258,1.753962042769494,0.7761194029850746,22.388059701492537,19.565217391304348,2031.8149875641145,7.602791429918203,5.308646978671198,6.542412458633667,72.82608695652173,27.173913043478258,77.61194029850746,67.3913043478261,0.8605276784114089,0.9148906595986038,0.4518154427785695,4.369067044467332,3798.736094144592,1766.921106580477,20260002,base
B5,295.18438411999415,122026.3913101711,97.70173337029591,554.2918736471063,104.28571428571428,24430.79521214027,482.1113641050931,28985.16175280104,92,92,0.0,1.5639199492168798,0.7065217391304348,29.347826086956523,0.0,2214.617036158956,7.265414529937883,7.265414529937883,6.526424414312396,100.0,0.0,70.65217391304348,70.65217391304348,0.8982865860467559,0.8982865860467559,0.7389901156254858,4.476531150820912,5104.596238337195,2889.979202178239,20260003,base
P,298.06197707044953,120814.34509563238,97.60979566965254,569.6707171834688,52.14285714285714,14994.650407317613,493.3870757244381,29720.92839890525,92,62,32.608695652173914,1.8282370854759091,0.7580645161290323,24.193548387096776,23.91304347826087,2454.794377667115,7.265414529937883,4.998268532176912,5.860703090357679,67.3913043478261,32.608695652173914,75.80645161290323,61.95652173913043,0.806657771033993,0.9379879041795505,0.3099531071536921,4.448350914074884,3666.9324217145895,1212.1380440474745,20260003,base
B5,290.71985972492274,119535.51576090873,97.17616818833689,535.4516104090785,26.07142857142857,18069.85749121648,479.6947364431046,26797.344338714043,92,92,0.0,1.6136727354872464,0.7065217391304348,29.347826086956523,0.0,3513.697339708455,8.079759425163148,8.079759425163148,7.481865925168962,100.0,0.0,70.65217391304348,70.65217391304348,0.9260010764513432,0.9260010764513432,0.5978934999941872,5.775637344019433,5851.887991471437,2338.190651762982,20260004,base
P,289.696505972344,118000.07423305877,97.00204340694785,535.4516104090785,26.07142857142857,16125.985507536494,486.98794982785466,27276.947295410442,92,67,27.173913043478258,1.8571199833671295,0.746268656716418,25.37313432835821,22.82608695652174,3214.1527470582073,8.079759425163148,6.186949262731776,6.979712675116717,72.82608695652173,27.173913043478258,74.6268656716418,61.95652173913043,0.863851546542276,0.944034608518303,0.3462550375661802,5.74147173537667,4568.257268968805,1354.1045219105974,20260004,base
B5,281.04834265036965,112425.72977993917,98.81468666452962,508.4578905082175,17.38095238095238,6793.071079173649,447.54725931149227,24782.71337759293,92,92,0.0,1.8836399515418525,0.7934782608695652,20.652173913043477,0.0,3207.8326415375327,6.285530988524038,6.285530988524038,5.921498913290969,100.0,0.0,79.34782608695652,79.34782608695652,0.9420841173326947,0.9420841173326947,0.36403207523307113,5.637921048675845,4631.458078609721,1423.6254370721888,20260000,carbon_x0.5
P,280.6609707804743,110336.36132644281,98.73507120853199,508.4578905082175,0.0,5706.707296780412,460.2123630217773,24603.688142866835,92,64,30.434782608695656,2.21279594109344,0.875,12.5,25.0,3222.5193222272064,6.285530988524038,4.665681747162122,5.427571293829798,69.56521739130434,30.434782608695656,87.5,67.3913043478261,0.8635024318135284,0.9805113968937261,0.09092761979062909,5.526354346177351,3578.1112639084167,355.5919416812102,20260000,carbon_x0.5
B5,291.2313886545874,120296.66928754769,98.97409498544913,538.905635309852,26.07142857142857,10158.98017213271,450.1669026661013,26019.770055598023,91,91,0.0,1.4444468273408542,0.5824175824175825,41.75824175824176,0.0,733.6522653942237,6.4147805690377915,6.4147805690377915,5.501984290263901,100.0,0.0,58.24175824175825,58.24175824175825,0.8577042084370458,0.8577042084370458,0.9127962787738919,3.4929791230653398,4303.337712742122,3569.6854473478984,20260001,carbon_x0.5
P,290.766621350423,119072.44113206063,98.90506810090825,538.905635309852,17.38095238095238,8561.337458081685,458.1063209181913,26257.889236314048,91,57,37.362637362637365,1.6621901360093327,0.6491228070175439,35.08771929824561,29.67032967032967,1355.6897494357129,6.4147805690377915,4.4944251949545695,5.296771583980276,62.637362637362635,37.362637362637365,64.91228070175438,56.043956043956044,0.8257136042261823,0.8976093303579235,0.46018720536761876,3.2869939151344933,3155.3504275697933,1799.6606781340804,20260001,carbon_x0.5
B5,288.07093000642203,114706.31457465925,98.59593750968926,535.5316939204794,156.42857142857142,14229.172865009232,424.70776598486077,24941.284978815216,92,92,0.0,1.5035142110384692,0.6847826086956522,31.521739130434785,0.0,2158.13642461511,7.602791429918203,7.602791429918203,6.795536388624553,100.0,0.0,68.47826086956522,68.47826086956522,0.8938212301712011,0.8938212301712011,0.8072550412936493,4.436371504639423,5315.0802468170605,3156.94382220195,20260002,carbon_x0.5
P,289.1819282136844,114126.76690200319,98.56681405795213,535.5316939204794,43.45238095238095,7225.540280836747,445.51752576011637,25838.720847740606,92,66,28.260869565217394,1.765931396327921,0.803030303030303,19.696969696969695,20.652173913043477,2200.397990482975,7.602791429918203,5.416778213457556,6.5583833199416866,71.73913043478261,28.260869565217394,80.3030303030303,68.47826086956522,0.8626283359732054,0.9198944502785208,0.4339139965083499,4.4552467767236825,3897.3116553995574,1696.9136649165825,20260002,carbon_x0.5
B5,296.7951286313128,117973.78779493616,98.10520039354503,554.2917912247286,139.04761904761904,23401.21057956897,443.59768229518613,25855.824055123674,92,92,0.0,1.5343233890068995,0.6630434782608695,33.69565217391305,0.0,1938.2862765614195,7.265414529937883,7.265414529937883,6.467541147427076,100.0,0.0,66.30434782608695,66.30434782608695,0.890181987659054,0.890181987659054,0.7978733825108055,4.324206190417275,5058.541111737605,3120.2548351761857,20260003,carbon_x0.5
P,298.75838505860156,116436.33800673415,98.11711684362993,554.2917912247286,52.14285714285714,16116.552230777022,461.9753214623976,26234.698501998995,92,60,34.78260869565217,1.741030818805526,0.7,30.0,26.08695652173913,2124.6729959902723,7.265414529937883,4.928119565829978,5.767296132503848,65.21739130434783,34.78260869565217,70.0,58.69565217391305,0.7938013872077244,0.9252032935201008,0.3686071126632335,3.8597729099218463,3566.1900972982744,1441.5171013080023,20260003,carbon_x0.5
B5,292.3989605344017,115450.03316508631,97.7927313563157,522.6118232749532,34.76190476190476,16170.13265234201,441.9461282012642,23781.282728062783,92,92,0.0,1.6772494383194927,0.7065217391304348,29.347826086956523,0.0,3187.443552858864,8.079759425163148,8.079759425163148,7.412344570284727,100.0,0.0,70.65217391304348,70.65217391304348,0.9173966921836977,0.9173966921836977,0.6674148548784227,6.168165789142376,5797.512360329839,2610.068807470974,20260004,carbon_x0.5
P,291.1756510549645,114293.0799660074,97.67437596342205,522.6118308707173,34.76190476190476,14086.616323083756,453.7306466903403,24453.838620383176,92,66,28.260869565217394,1.8462377141649022,0.7424242424242424,25.757575757575758,19.565217391304348,3286.4776693460235,8.079759425163148,6.439680673718868,7.086249213646929,71.73913043478261,28.260869565217394,74.24242424242425,65.21739130434783,0.8770371542966877,0.9420832716845674,0.372965236017919,5.8461272653684135,4745.0381459161,1458.560476570076,20260004,carbon_x0.5
B5,278.5782585178658,123261.62576920282,97.61075008728352,533.6899445229392,34.76190476190476,10290.937522566375,572.2914321196289,32693.276065423226,92,92,0.0,2.037363005460735,0.8043478260869565,19.565217391304348,0.0,3447.44020870663,6.285530988524038,6.285530988524038,5.972556842368096,100.0,0.0,80.43478260869566,80.43478260869566,0.9502072065626018,0.9502072065626018,0.3129741461559421,6.421194780715267,4671.392673137903,1223.9524644312735,20260000,carbon_x2
P,279.3477547579305,121674.8887567224,97.55801608857595,533.6899445229392,8.69047619047619,6647.8829833267555,581.9345107241357,32354.708562104548,92,68,26.086956521739136,2.318355263778813,0.8529411764705882,14.705882352941178,21.73913043478261,2964.737126162266,6.285530988524038,4.804873246723941,5.568030819285587,73.91304347826086,26.086956521739136,85.29411764705883,71.73913043478261,0.8858489170527606,0.9648155213420989,0.16905696020327904,6.208615938524564,3625.8705955286605,661.1334693663948,20260000,carbon_x2
B5,290.1292647830166,130910.1991885352,97.9340043017101,546.0108245242645,52.14285714285714,11495.275684858563,601.6431256949251,33854.674535679114,91,91,0.0,1.4329674153105465,0.6153846153846154,38.46153846153847,0.0,1501.228640753223,6.4147805690377915,6.4147805690377915,5.665546988209502,100.0,0.0,61.53846153846154,61.53846153846154,0.8832019937759658,0.8832019937759658,0.7492335808282907,3.337710254752404,4431.267108635288,2930.0384678820656,20260001,carbon_x2
P,289.45440854359174,129811.61340230469,97.86078642152364,546.0108245242645,34.76190476190476,9800.751899622544,610.0065169784441,34418.52179047243,91,53,41.75824175824175,1.498955824264968,0.5849056603773585,41.509433962264154,31.868131868131865,1298.436878275198,6.4147805690377915,4.298447263188477,5.417154677892231,58.24175824175825,41.75824175824175,58.490566037735846,62.637362637362635,0.8444801220542446,0.8977016134424364,0.43972421972695647,2.303565042322707,3018.072666135974,1719.635787860776,20260001,carbon_x2
B5,285.168133950913,125569.26904503306,97.74273948890018,535.5316974743938,156.42857142857142,17437.837718690433,581.0538536873395,33702.50759222376,92,92,0.0,1.4837414358845082,0.6847826086956522,31.521739130434785,0.0,1950.007454258654,7.602791429918203,7.602791429918203,6.751186227513588,100.0,0.0,68.47826086956522,68.47826086956522,0.8879878252277957,0.8879878252277957,0.8516052024046142,4.24212833795098,5280.392085090984,3330.3846308323305,20260002,carbon_x2
P,286.22512327409055,124803.73287126332,97.65215587871205,535.5316974743938,52.14285714285714,9920.7104182188,601.0194681880663,34427.31002522234,92,62,32.608695652173914,1.856463955067619,0.7741935483870968,22.58064516129032,22.82608695652174,1637.0139070757443,7.602791429918203,4.788233041367468,6.439754247852294,67.3913043478261,32.608695652173914,77.41935483870968,67.3913043478261,0.8470249785507502,0.9061850442944768,0.44920787068361245,4.373448768281763,3393.737544213443,1756.7236371376987,20260002,carbon_x2
B5,295.4226137007847,129515.27237358833,97.2956602171939,534.1543173491945,104.28571428571428,23804.52065800998,602.4943350160268,34228.472079629544,92,92,0.0,1.5670154353822796,0.717391304347826,28.26086956521739,0.0,2509.5923297814707,7.265414529937883,7.265414529937883,6.589280641263921,100.0,0.0,71.73913043478261,71.73913043478261,0.9069380162841525,0.9069380162841525,0.6761338886739605,4.525101190019723,5153.758787274281,2644.16645749281,20260003,carbon_x2
P,297.5593262746309,127637.48730751468,97.19681587777572,560.2372221495385,52.14285714285714,14679.99632103247,605.1133757961991,35012.08788534895,92,55,40.21739130434783,1.708235696210341,0.7090909090909091,29.09090909090909,25.0,2070.676979956765,7.265414529937883,4.549375262427761,5.831583398155018,59.78260869565217,40.21739130434783,70.9090909090909,63.04347826086957,0.8026497833159254,0.9303225071172795,0.316989062468634,3.365693739658946,3310.33063496803,1239.6536550112653,20260003,carbon_x2
B5,290.46689599595123,126191.11183355618,96.57290722665238,548.2493021469793,26.07142857142857,19106.40849705915,612.5069222067408,32033.19323028958,92,92,0.0,1.6053538469622672,0.6956521739130435,30.434782608695656,0.0,3590.122065490367,8.079759425163148,8.079759425163148,7.498151254863736,100.0,0.0,69.56521739130434,69.56521739130434,0.9280166475640248,0.9280166475640248,0.5816081702994114,5.855924984189342,5864.625445768422,2274.503380278055,20260004,carbon_x2
P,289.5887421296969,124978.1720031243,96.38605795888408,548.2493021469794,26.07142857142857,17091.70953850263,617.388065062113,32585.693676634615,92,66,28.260869565217394,1.790546300373536,0.7575757575757576,24.242424242424242,22.82608695652174,3270.580632480323,8.079759425163148,6.220937228159041,7.0483440226713405,71.73913043478261,28.260869565217394,75.75757575757575,64.13043478260869,0.872345778108241,0.9453626553258042,0.3398954915314608,5.6143456849040705,4599.8147868622855,1329.2341543819628,20260004,carbon_x2
B5,279.35457936947785,116937.81964228221,98.08277186812934,517.6491536863823,34.76190476190476,9636.78410754053,471.88373785131336,28306.66853393266,92,92,0.0,1.9322183572399712,0.782608695652174,21.73913043478261,0.0,3399.824572939535,6.285530988524038,6.285530988524038,5.96241043596415,100.0,0.0,78.26086956521739,78.26086956521739,0.9485929584708384,0.9485929584708384,0.32312055255988964,5.9845535223112325,4663.456733843389,1263.632160903854,20260000,comfort_x0.5
P,279.46860420173124,114761.84934063366,98.00167833848151,517.6491389815111,8.69047619047619,6569.2261740564345,483.23740053193853,28121.29727725854,92,65,29.34782608695652,2.274257266835709,0.8615384615384616,13.846153846153847,23.91304347826087,3044.0722498290593,6.285530988524038,4.672881816720253,5.519893306252639,70.65217391304348,29.34782608695652,86.15384615384616,69.56521739130434,0.8781904530151421,0.9721471914256199,0.13015288273181036,5.90021439262058,3553.062987655246,508.99073782618694,20260000,comfort_x0.5
B5,290.0258211476276,124689.75417956979,98.5933079908874,562.2597849159472,60.83333333333333,11146.71401369988,498.0773203721876,29269.298385379472,91,91,0.0,1.4689950217899346,0.5934065934065934,40.65934065934066,0.0,1192.9841750898522,6.4147805690377915,6.4147805690377915,5.5998632360133485,100.0,0.0,59.34065934065934,59.34065934065934,0.872962555109398,0.872962555109398,0.8149173330244427,3.5837340643507307,4379.893031024726,3186.908855934874,20260001,comfort_x0.5
P,289.45068148150773,123620.85913748696,98.53749287950646,562.2597849159472,52.14285714285714,9701.98134794333,508.61343631374336,29746.83005547481,91,60,34.065934065934066,1.6752905627738806,0.6666666666666666,33.33333333333333,27.472527472527474,1607.652563783849,6.4147805690377915,4.64659109313014,5.435801665683074,65.93406593406593,34.065934065934066,66.66666666666666,59.34065934065934,0.8473870005655448,0.9070592885219485,0.4318574821430918,3.381645323334545,3296.52378859344,1688.871224809591,20260001,comfort_x0.5
B5,286.3961699415554,118623.38026075522,98.36846752844312,535.531681513331,165.1190476190476,15967.145786514078,474.13423379307727,28290.168789990923,92,92,0.0,1.4809879014410288,0.6956521739130435,30.434782608695656,0.0,2002.6592832852969,7.602791429918203,7.602791429918203,6.762405795342705,100.0,0.0,69.56521739130434,69.56521739130434,0.8894635421315852,0.8894635421315852,0.8403856345754969,4.266898621543238,5289.167389928757,3286.5081066434605,20260002,comfort_x0.5
P,287.59246895414583,118051.18380162283,98.38301458938723,535.531681513331,43.45238095238095,8632.109221437575,491.4723279884699,28881.022268307337,92,67,27.173913043478258,1.7539597176524513,0.7761194029850746,22.388059701492537,19.565217391304348,2031.7925014443538,7.602791429918203,5.308646959602893,6.542364015571477,72.82608695652173,27.173913043478258,77.61194029850746,67.3913043478261,0.8605213066645792,0.9148897572956846,0.451820231163329,4.368825171656457,3798.732334029515,1766.9398325851612,20260002,comfort_x0.5
B5,295.176557286799,122031.05686472032,97.69732653400177,554.2918764948295,104.28571428571428,24509.03643446721,482.0909092856005,28987.78843937529,92,92,0.0,1.5626578396463409,0.7065217391304348,29.347826086956523,0.0,2253.824498045893,7.265414529937883,7.265414529937883,6.5347791246079385,100.0,0.0,70.65217391304348,70.65217391304348,0.8994365149683771,0.8994365149683771,0.7306354053299438,4.4647610722969615,5111.130815318352,2857.3063172724583,20260003,comfort_x0.5
P,298.0312153377136,120801.34523643939,97.60557888994529,569.670704012504,52.14285714285714,15032.825077756374,493.3995524227455,29719.684405912012,92,62,32.608695652173914,1.828606466389812,0.7580645161290323,24.193548387096776,23.91304347826087,2474.639164546112,7.265414529937883,4.9982683267932995,5.864925951076881,67.3913043478261,32.608695652173914,75.80645161290323,61.95652173913043,0.8072389988086508,0.9388339458338251,0.3057243512137147,4.4458693359628985,3670.2397523283175,1195.6005877822056,20260003,comfort_x0.5
B5,290.6987554477655,119551.74300929892,97.1772803289387,534.4614220189967,26.07142857142857,18082.785033354226,479.81262711273575,26821.299024748976,92,92,0.0,1.614254020189878,0.7065217391304348,29.347826086956523,0.0,3521.416925941178,8.079759425163148,8.079759425163148,7.483510890271824,100.0,0.0,70.65217391304348,70.65217391304348,0.9262046673030386,0.9262046673030386,0.5962485348913239,5.778164185576698,5853.174589176891,2331.7576632357127,20260004,comfort_x0.5
P,289.6440139085247,118004.49078324538,97.00412743002698,534.4614220189967,26.07142857142857,16134.201198059121,487.0592801729283,27301.852593251675,92,67,27.173913043478258,1.8581747324487747,0.746268656716418,25.37313432835821,22.82608695652174,3212.433407673796,8.079759425163148,6.184718209474347,6.979678107551091,72.82608695652173,27.173913043478258,74.6268656716418,61.95652173913043,0.8638472682508312,0.9440153039607513,0.34624956904582893,5.747107104836427,4566.516543763734,1354.0831360899383,20260004,comfort_x0.5
B5,279.3274801364548,116933.79039404169,98.08252900474155,517.6491419260366,34.76190476190476,9644.988916658536,471.9038215767856,28303.598223073015,92,92,0.0,1.9329080912105323,0.782608695652174,21.73913043478261,0.0,3401.071273237332,6.285530988524038,6.285530988524038,5.962676095083924,100.0,0.0,78.26086956521739,78.26086956521739,0.9486352236542029,0.9486352236542029,0.32285489344011536,5.988574614025031,4663.664517226355,1262.5932439890225,20260000,comfort_x2
P,279.50303567200507,114788.42533391267,98.00477099830609,517.6491264035194,8.69047619047619,6586.236515661646,483.2825197459895,28121.791471453103,92,65,29.34782608695652,2.276012682578041,0.8615384615384616,13.846153846153847,23.91304347826087,3043.7853165492297,6.285530988524038,4.672354235591874,5.520090287875752,70.65217391304348,29.34782608695652,86.15384615384616,69.56521739130434,0.8782217919145084,0.9721497796317906,0.13012609509957074,5.90473679333026,3552.6712955993366,508.8859790501069,20260000,comfort_x2
B5,289.9301177647368,124699.08024941024,98.59333920246168,538.9056352229637,34.76190476190476,11501.833847890943,498.1283740346696,29328.06792984011,91,91,0.0,1.4692764372734026,0.6043956043956044,39.56043956043956,0.0,1211.6754758748282,6.4147805690377915,6.4147805690377915,5.603846161599189,100.0,0.0,60.43956043956044,60.43956043956044,0.8735834532902438,0.8735834532902438,0.8109344074386031,3.5823923625819583,4383.008247822222,3171.332771947394,20260001,comfort_x2
P,289.45147219248713,123702.92422327673,98.56215808355815,538.9056352229637,26.07142857142857,10058.194833643232,509.86532611017566,29867.14918191227,91,61,32.96703296703297,1.6524103311818032,0.6721311475409836,32.78688524590164,27.472527472527474,1666.8787429360732,6.4147805690377915,4.731805926388068,5.444124202325073,67.03296703296702,32.96703296703297,67.21311475409836,60.43956043956044,0.8486844006172581,0.9083987242293582,0.4334394595562301,3.3127486208257135,3361.9366294149013,1695.0578864788283,20260001,comfort_x2
B5,285.801843090522,118458.88612819764,98.33714273172085,535.5316982739298,112.97619047619047,17230.409458839826,474.0682566581964,28395.597396996865,92,92,0.0,1.4811687282408144,0.6956521739130435,30.434782608695656,0.0,2001.052637711071,7.602791429918203,7.602791429918203,6.762063435555199,100.0,0.0,69.56521739130434,69.56521739130434,0.8894185113306404,0.8894185113306404,0.8407279943630034,4.269006853232559,5288.899615666388,3287.8469779553166,20260002,comfort_x2
P,287.3704657975996,117935.49696625449,98.3517471112398,535.5316982739298,26.07142857142857,9099.865670121499,491.272752411616,28894.070243080623,92,67,27.173913043478258,1.7540393432780081,0.7761194029850746,22.388059701492537,19.565217391304348,2030.5698313214311,7.602791429918203,5.308646541875301,6.5421204021714,72.82608695652173,27.173913043478258,77.61194029850746,67.3913043478261,0.8604892640388776,0.9148406855663572,0.4520807000766286,4.369625678143774,3798.528283406818,1767.9584520853869,20260002,comfort_x2
B5,294.87518074422206,121893.6110456723,97.69967692986144,554.2918388616168,60.83333333333333,25167.513793811064,481.7821048362712,29044.17341081061,92,92,0.0,1.5604888046764571,0.7065217391304348,29.347826086956523,0.0,2216.095780887498,7.265414529937883,7.265414529937883,6.526739519734003,100.0,0.0,70.65217391304348,70.65217391304348,0.8983299566514624,0.8983299566514624,0.7386750102038786,4.448568143545773,5104.842695791952,2888.7469149044537,20260003,comfort_x2
P,297.841863325131,120713.08683757714,97.60818196791979,569.6707217427847,17.38095238095238,15581.565483555421,493.05864655137276,29769.33734655173,92,62,32.608695652173914,1.8259642325686376,0.7580645161290323,24.193548387096776,23.91304347826087,2454.794918508911,7.265414529937883,4.998268404091222,5.860716969932104,67.3913043478261,32.608695652173914,75.80645161290323,61.95652173913043,0.8066596813963499,0.9379879299189893,0.3099529705582059,4.428185731806605,3666.932428370466,1212.1375098615554,20260003,comfort_x2
B5,290.6878336963397,119533.49991216927,97.18013348948128,535.4514988145432,17.38095238095238,18167.539105905897,479.58190580940294,26809.45608876157,92,92,0.0,1.6144171913772045,0.7065217391304348,29.347826086956523,0.0,3520.1469279117814,8.079759425163148,8.079759425163148,7.483240266643033,100.0,0.0,70.65217391304348,70.65217391304348,0.9261711732824187,0.9261711732824187,0.5965191585201146,5.779640375091724,5852.962922838658,2332.8159949268766,20260004,comfort_x2
P,289.66724795987795,117998.83219706228,97.00649360590923,535.4514988145432,17.38095238095238,16221.300353421646,486.8995516279562,27290.113422726045,92,67,27.173913043478258,1.8584228698490601,0.746268656716418,25.37313432835821,22.82608695652174,3212.0404526736925,8.079759425163148,6.184276492886408,6.979030696944447,72.82608695652173,27.173913043478258,74.6268656716418,61.95652173913043,0.8637671407900274,0.9440096695682968,0.3462596843177239,5.748482848742051,4566.163146701934,1354.1226940282415,20260004,comfort_x2
B5,279.34569615016125,116940.6716121755,98.09102083874917,517.6491505289921,34.76190476190476,9639.41674859281,471.7642414431929,28310.432139460656,92,92,0.0,1.9323126653839093,0.782608695652174,21.73913043478261,0.0,3400.6613542937384,6.285530988524038,6.285530988524038,5.962588745537344,100.0,0.0,78.26086956521739,78.26086956521739,0.9486213267301817,0.9486213267301817,0.32294224298669527,5.985686931867013,4663.596197402422,1262.934843108683,20260000,service_x0.5
P,279.4603687064971,114765.31803455396,98.0389347881215,517.6491476448473,8.69047619047619,6572.714067669884,483.1300834325916,28119.612486442766,92,65,29.34782608695652,2.2739375482212547,0.8615384615384616,13.846153846153847,23.91304347826087,3044.193401472526,6.285530988524038,4.673122038499754,5.520258607558246,70.65217391304348,29.34782608695652,86.15384615384616,69.56521739130434,0.8782485708267118,0.9721455800976438,0.13016710351532634,5.900063644993533,3553.2397527199632,509.0463512474369,20260000,service_x0.5
B5,290.08796472876486,124767.90467368331,98.59331746558348,538.9056358381513,52.14285714285714,11163.726690621887,498.19211913236967,29291.41416897831,91,91,0.0,1.4690487806497419,0.5934065934065934,40.65934065934066,0.0,1193.5820146010026,6.4147805690377915,6.4147805690377915,5.599990629516486,100.0,0.0,59.34065934065934,59.34065934065934,0.8729824144797641,0.8729824144797641,0.8147899395213056,3.583358850383847,4379.992670943251,3186.410656342249,20260001,service_x0.5
P,289.5242902308974,123712.41351058365,98.52783541916561,538.9056358381513,43.45238095238095,9718.411382288541,508.76184948166775,29777.546660434426,91,60,34.065934065934066,1.675813279162164,0.6666666666666666,33.33333333333333,27.472527472527474,1606.7546921420078,6.4147805690377915,4.644575436249281,5.433871257424662,65.93406593406593,34.065934065934066,66.66666666666666,59.34065934065934,0.8470860692651464,0.9070500904666663,0.4317128666201142,3.3836957328413058,3295.060366959954,1688.3056748179465,20260001,service_x0.5
B5,286.31065821063896,118616.10038268697,98.32885667733454,535.5316800783119,156.42857142857142,16163.960979130567,474.1335866553484,28339.00594935791,92,92,0.0,1.4811425049453497,0.6956521739130435,30.434782608695656,0.0,2002.7186275867725,7.602791429918203,7.602791429918203,6.762418441008165,100.0,0.0,69.56521739130434,69.56521739130434,0.889465205424019,0.889465205424019,0.8403729889100382,4.268768794774092,5289.177280645671,3286.458653058899,20260002,service_x0.5
P,287.60174390937885,118048.69860172778,98.34344680943097,535.5316800783119,43.45238095238095,8612.916422061502,491.4391027645489,28883.624838372994,92,67,27.173913043478258,1.7539649465757972,0.7761194029850746,22.388059701492537,19.565217391304348,2031.79157947487,7.602791429918203,5.308646625362747,6.542365666200767,72.82608695652173,27.173913043478258,77.61194029850746,67.3913043478261,0.8605215237729013,0.9148897254226148,0.45182037191893276,4.369102047118982,3798.731962514982,1766.9403830401122,20260002,service_x0.5
B5,295.18408740026064,122020.44022091315,97.69572044831321,554.2918822642739,104.28571428571428,24480.4754270667,482.12146965640153,28981.061914508497,92,92,0.0,1.563762385002704,0.7065217391304348,29.347826086956523,0.0,2216.8350278690186,7.265414529937883,7.265414529937883,6.52689704572702,100.0,0.0,70.65217391304348,70.65217391304348,0.8983516382764225,0.8983516382764225,0.7385174842108604,4.472870519987926,5104.965903622205,2888.1308757531865,20260003,service_x0.5
P,298.10664879908006,120830.46329446782,97.60370172111662,569.6707157266835,52.14285714285714,15040.478139122572,493.39749548598854,29714.81935524625,92,62,32.608695652173914,1.8278504733899883,0.7580645161290323,24.193548387096776,23.91304347826087,2454.7957713471465,7.265414529937883,4.9982677217023666,5.860720306864391,67.3913043478261,32.608695652173914,75.80645161290323,61.95652173913043,0.8066601406863565,0.9379879805657885,0.30995267509559904,4.445396517105871,3666.932125738864,1212.1363543917178,20260003,service_x0.5
B5,290.6828745591124,119536.35336779413,97.1800468089631,535.4514424176828,26.07142857142857,18140.021324781726,479.651560653761,26806.254084226824,92,92,0.0,1.6145920614695228,0.7065217391304348,29.347826086956523,0.0,3537.597680277448,8.079759425163148,8.079759425163148,7.48695884401167,100.0,0.0,70.65217391304348,70.65217391304348,0.9266314069568342,0.9266314069568342,0.5928005811514796,5.774778757094845,5855.8713815662695,2318.2737012888215,20260004,service_x0.5
P,289.70072118284827,118015.20086648058,97.00573538609669,535.4514424176828,26.07142857142857,16190.900199152647,486.94267224212217,27286.723843946384,92,67,27.173913043478258,1.858270739869798,0.746268656716418,25.37313432835821,22.82608695652174,3211.9572733001924,8.079759425163148,6.1840855917494695,6.978930988909055,72.82608695652173,27.173913043478258,74.6268656716418,61.95652173913043,0.8637548003192107,0.9440102199426615,0.3462455921378081,5.747295498269153,4566.024856839121,1354.0675835389281,20260004,service_x0.5
B5,279.3697854899094,116953.09557287487,98.09237468593344,517.6491725303716,34.76190476190476,9681.681977931685,472.0479261120293,28304.611519096045,92,92,0.0,1.9304949409092602,0.782608695652174,21.73913043478261,0.0,3400.7305782173057,6.285530988524038,6.285530988524038,5.96260349644952,100.0,0.0,78.26086956521739,78.26086956521739,0.9486236735346447,0.9486236735346447,0.3229274920745197,5.978850545611488,4663.607734723017,1262.877156505711,20260000,service_x2
P,279.5135432313014,114795.7109326818,98.01462247147892,517.6491627577658,8.69047619047619,6620.227032025961,483.4191500461884,28116.989187944477,92,65,29.34782608695652,2.2754004177783513,0.8615384615384616,13.846153846153847,23.91304347826087,3043.8326581815973,6.285530988524038,4.6725176900796015,5.519909072906848,70.65217391304348,29.34782608695652,86.15384615384616,69.56521739130434,0.8781929614196408,0.9721470825522117,0.13014324949511813,5.903490044928035,3552.7857231714343,508.95306498983695,20260000,service_x2
B5,290.05673287193537,124753.72526235378,98.59316644952189,538.9056357094844,52.14285714285714,11161.841197630805,498.243964764478,29294.297454949934,91,91,0.0,1.4689687909062865,0.5934065934065934,40.65934065934066,0.0,1192.0778897027722,6.4147805690377915,6.4147805690377915,5.599670115839542,100.0,0.0,59.34065934065934,59.34065934065934,0.8729324496098055,0.8729324496098055,0.8151104531982496,3.582982785718504,4379.741983460212,3187.6640937574402,20260001,service_x2
P,289.49333126895954,123694.5437472222,98.526876980052,538.9056357094844,43.45238095238095,9718.283289680283,508.67287075971126,29777.139368026303,91,60,34.065934065934066,1.675318196575419,0.6666666666666666,33.33333333333333,27.472527472527474,1606.9940406396179,6.4147805690377915,4.64661826175867,5.4335799993025145,65.93406593406593,34.065934065934066,66.66666666666666,59.34065934065934,0.8470406650429735,0.9070286581599142,0.43200233481434974,3.3812552236178774,3296.431742860021,1689.4377022204035,20260001,service_x2
B5,286.31818897381964,118620.0952967891,98.34158636160055,535.5316985563871,156.42857142857142,16141.798842023001,474.2057873836657,28338.056295368457,92,92,0.0,1.4807803255482448,0.6956521739130435,30.434782608695656,0.0,1992.538060894321,7.602791429918203,7.602791429918203,6.760249066066089,100.0,0.0,69.56521739130434,69.56521739130434,0.889179866155926,0.889179866155926,0.8425423638521129,4.2671594236296135,5287.480519530262,3294.9424586359414,20260002,service_x2
P,287.6075932583198,118051.79828102706,98.35631864159035,535.5316985563871,43.45238095238095,8608.38207088312,491.5247173192015,28883.336925294585,92,67,27.173913043478258,1.7539944292401417,0.7761194029850746,22.388059701492537,19.565217391304348,2019.225700205434,7.602791429918203,5.306287150002904,6.537781688803612,72.82608695652173,27.173913043478258,77.61194029850746,67.3913043478261,0.8599185903057124,0.9144213696101043,0.45410478675275057,4.369658508460837,3795.0997769706546,1775.874076765221,20260002,service_x2
B5,295.19743431678785,122039.76524317276,97.74497301975464,554.2918858724605,104.28571428571428,24500.369351123594,482.13255854996845,28982.10143573763,92,92,0.0,1.5618043356577658,0.7065217391304348,29.347826086956523,0.0,2218.265837983708,7.265414529937883,7.265414529937883,6.527201936771247,100.0,0.0,70.65217391304348,70.65217391304348,0.8983936029906133,0.8983936029906133,0.7382125931666347,4.46554971510184,5105.204371974653,2886.938533990946,20260003,service_x2
P,298.05276416136246,120813.44535422565,97.65338941957383,569.6707308734935,52.14285714285714,15043.579652164535,493.3942421057669,29717.467315506237,92,62,32.608695652173914,1.8279246525934982,0.7580645161290323,24.193548387096776,23.91304347826087,2454.7946613425206,7.265414529937883,4.998268575133364,5.860721095473666,67.3913043478261,32.608695652173914,75.80645161290323,61.95652173913043,0.806660249229272,0.9379879153739765,0.3099530538647647,4.4459432176205,3666.9324969922254,1212.1378356497048,20260003,service_x2
B5,290.78355191423015,119563.92368955363,97.17928378685559,535.4515946493536,26.07142857142857,18003.44085632828,479.73289422542996,26804.514731062758,92,92,0.0,1.614154992874449,0.7065217391304348,29.347826086956523,0.0,3532.207734605489,8.079759425163148,8.079759425163148,7.485810301554935,100.0,0.0,70.65217391304348,70.65217391304348,0.9264892563807715,0.9264892563807715,0.5939491236082133,5.772573753804458,5854.973057287609,2322.76532268212,20260004,service_x2
P,289.73539483288266,118022.43941403933,97.00492566242158,535.4515946493536,26.07142857142857,16048.427639954523,487.0264938487254,27286.735602229888,92,67,27.173913043478258,1.8566821819941761,0.746268656716418,25.37313432835821,22.82608695652174,3214.5544293334474,8.079759425163148,6.1873930804567765,6.979585780800253,72.82608695652173,27.173913043478258,74.6268656716418,61.95652173913043,0.8638358413325308,0.944040501663925,0.3462434127904633,5.738651237966646,4568.61349006758,1354.059060734133,20260004,service_x2
B5,279.23313050091764,116895.74311254855,98.0783233940699,517.6491451736288,34.76190476190476,9647.800046583841,471.6872236624742,28311.21222848575,92,92,0.0,1.933128121938536,0.782608695652174,21.73913043478261,0.0,3400.9907739863606,6.285530988524038,6.285530988524038,5.962658941514463,100.0,0.0,78.26086956521739,78.26086956521739,0.9486324945976613,0.9486324945976613,0.32287204700957656,5.987321416900694,4663.651100684526,1262.6603266981651,20260000,ev_x0.5
P,279.38265976520347,114747.86547313338,98.00049339586799,517.6491366307471,8.69047619047619,6563.65209593038,483.0599763115591,28130.362042842553,92,65,29.34782608695652,2.2776723422438834,0.8615384615384616,13.846153846153847,23.91304347826087,3043.092443730487,6.285530988524038,4.671561289066636,5.518809312919967,70.65217391304348,29.34782608695652,86.15384615384616,69.56521739130434,0.8780179945013504,0.9721417373284181,0.1301415814772122,5.909638058115089,3552.038985578871,508.94654184838333,20260000,ev_x0.5
B5,289.933679636656,124692.8085749853,98.59318935200605,538.9056360652604,34.76190476190476,11480.42059208435,498.1447471229339,29322.251252324113,91,91,0.0,1.4688949627759025,0.5934065934065934,40.65934065934066,0.0,1191.380204150522,6.4147805690377915,6.4147805690377915,5.599521446163263,100.0,0.0,59.34065934065934,59.34065934065934,0.8729092734972825,0.8729092734972825,0.8152591228745282,3.583199853664597,4379.625702534838,3188.2454983843154,20260001,ev_x0.5
P,289.34196115207885,123624.14717445617,98.52953252021095,538.9056360652604,26.07142857142857,10038.361199364872,508.5833486394416,29804.14938816895,91,60,34.065934065934066,1.6755634026705533,0.6666666666666666,33.33333333333333,27.472527472527474,1606.6534546682274,6.4147805690377915,4.646618158389778,5.433570759657463,65.93406593406593,34.065934065934066,66.66666666666666,59.34065934065934,0.8470392246749121,0.907013040827701,0.43207489298345325,3.3832611076010877,3296.374911157089,1689.7214564888618,20260001,ev_x0.5
B5,285.7492679095753,118430.50648180794,98.33753217485608,535.5316987658957,112.97619047619047,17222.53097537925,474.14443512123717,28393.890934392664,92,92,0.0,1.4809523568231469,0.6956521739130435,30.434782608695656,0.0,2001.9961011270934,7.602791429918203,7.602791429918203,6.762264477987836,100.0,0.0,69.56521739130434,69.56521739130434,0.8894449545698757,0.8894449545698757,0.8405269519303653,4.266394651810075,5289.056859569057,3287.060758441964,20260002,ev_x0.5
P,287.3012593817431,117900.01701912034,98.35907480111442,535.5316987658957,26.07142857142857,9092.986691801812,491.3515264935535,28891.59250325269,92,67,27.173913043478258,1.7541192997617827,0.7761194029850746,22.388059701492537,19.565217391304348,2030.491158375998,7.602791429918203,5.308647696309106,6.5421144911192,72.82608695652173,27.173913043478258,77.61194029850746,67.3913043478261,0.8604884865544162,0.9148375098993735,0.4520976568846384,4.370174269854755,3798.5159236927084,1768.0247653167105,20260002,ev_x0.5
B5,294.80795760002303,121879.14338927354,97.69905014259317,554.2918755968105,60.83333333333333,25226.475777563195,481.8314536615189,29043.300896526558,92,92,0.0,1.5633293942167659,0.7065217391304348,29.347826086956523,0.0,2255.5340772144773,7.265414529937883,7.265414529937883,6.535143418494698,100.0,0.0,70.65217391304348,70.65217391304348,0.8994866557945143,0.8994866557945143,0.7302711114431827,4.456176791883832,5111.415745179781,2855.8816679653037,20260003,ev_x0.5
P,297.8162174753962,120715.17574496614,97.60710571618672,569.6707157494538,17.38095238095238,15610.481002638217,493.1107423740317,29765.988069238385,92,62,32.608695652173914,1.8267051730797466,0.7580645161290323,24.193548387096776,23.91304347826087,2474.636750442136,7.265414529937883,4.998266647246891,5.864947467210266,67.3913043478261,32.608695652173914,75.80645161290323,61.95652173913043,0.8072419602547317,0.9388338783648829,0.3057245857102517,4.428657217204781,3670.238255273299,1195.6015048311629,20260003,ev_x0.5
B5,290.5218904087909,119434.39381815036,97.17817076412165,535.451541010971,8.69047619047619,18321.228408587518,479.5005129821466,26778.724862368985,92,92,0.0,1.6145560816884374,0.7065217391304348,29.347826086956523,0.0,3535.048644686294,8.079759425163148,8.079759425163148,7.486415670521926,100.0,0.0,70.65217391304348,70.65217391304348,0.9265641805134264,0.9265641805134264,0.5933437546412231,5.779073874449516,5855.446542301077,2320.397897614783,20260004,ev_x0.5
P,289.5095297317056,117908.29186825996,97.0047369858919,535.451541010971,8.69047619047619,16375.0044006779,486.79295491238076,27262.313487922926,92,67,27.173913043478258,1.858332901809696,0.746268656716418,25.37313432835821,22.82608695652174,3212.5516839816273,8.079759425163148,6.184875916462244,6.979377934409713,72.82608695652173,27.173913043478258,74.6268656716418,61.95652173913043,0.863810117003426,0.9440165567190824,0.34625065006877903,5.748337188486144,4566.639047643459,1354.0873636618321,20260004,ev_x0.5
